{
  "ann_used": false,
  "benchmark_rerun": false,
  "candidate_split": "train",
  "comparison_contract": "A/B/C use one run-local controlled database copy, identical validation queries, identical G4 scope, full-scope scoring, train-only filtering before top_k=10, and frozen pre-execution configuration.",
  "controlled_abc": {
    "A_semantic": {
      "latency_mean_ms": 6.986867109634551,
      "latency_p50_ms": 7.1161,
      "latency_p95_ms": 13.437839999999996,
      "latency_p99_ms": 16.107764000000007,
      "mrr": 0.6240843812272477,
      "ndcg_at_10": 0.4646836722741459,
      "precision_at_10": 0.44657874425316285,
      "queries_per_second": 143.12566480920304,
      "query_count": 29799,
      "top1_accuracy": 0.5378703983355146,
      "total_elapsed_seconds": 208.201653,
      "total_relevant_hits_at_10": 133076,
      "zero_hit_query_count": 2969
    },
    "B_structural": {
      "latency_mean_ms": 8.407080808080808,
      "latency_p50_ms": 8.7889,
      "latency_p95_ms": 15.676469999999997,
      "latency_p99_ms": 18.529926000000007,
      "mrr": 0.5906124739458202,
      "ndcg_at_10": 0.4426716331145944,
      "precision_at_10": 0.4289942615524011,
      "queries_per_second": 118.94735197963236,
      "query_count": 29799,
      "top1_accuracy": 0.4970636598543575,
      "total_elapsed_seconds": 250.522601,
      "total_relevant_hits_at_10": 127836,
      "zero_hit_query_count": 2969
    },
    "C_hybrid": {
      "latency_mean_ms": 13.360542974596463,
      "latency_p50_ms": 14.2736,
      "latency_p95_ms": 24.62502,
      "latency_p99_ms": 28.458174000000003,
      "mrr": 0.6559872308488098,
      "ndcg_at_10": 0.4961031047174601,
      "precision_at_10": 0.47468035840128864,
      "queries_per_second": 74.8472574730971,
      "query_count": 29799,
      "top1_accuracy": 0.5796503238363704,
      "total_elapsed_seconds": 398.1308201,
      "total_relevant_hits_at_10": 141450,
      "zero_hit_query_count": 2969
    }
  },
  "dataset": "ogbn-arxiv",
  "deltas": {
    "C_minus_A": {
      "mrr": 0.03190284962156209,
      "ndcg_at_10": 0.03141943244331419,
      "precision_at_10": 0.028101614148125786,
      "queries_per_second": -68.27840733610594,
      "top1_accuracy": 0.04177992550085574
    },
    "C_minus_B": {
      "mrr": 0.06537475690298966,
      "ndcg_at_10": 0.05343147160286571,
      "precision_at_10": 0.045686096848887525,
      "queries_per_second": -44.10009450653526,
      "top1_accuracy": 0.08258666398201286
    },
    "C_vs_A_ndcg_query_losses": 8049,
    "C_vs_A_ndcg_query_ties": 10007,
    "C_vs_A_ndcg_query_wins": 11743,
    "C_vs_B_ndcg_query_losses": 5768,
    "C_vs_B_ndcg_query_ties": 10507,
    "C_vs_B_ndcg_query_wins": 13524
  },
  "evaluation_occurs_after_result_freeze": true,
  "evaluation_split": "validation",
  "freeze_manifest_sha256": "47580B7190E1C28A8F61AA4EB6FB91613D06B0F9396172F49A9C9AB6401DC7A4",
  "ground_truth_available_to_executor": false,
  "ground_truth_receipt_sha256": "F75BE02DAAEB41DED551A0DA6F2737FCBC4AB8888B91EDD38C1F23CD5343AC2E",
  "historical_global_exact_context": {
    "note": "Historical global exact baselines are context only; controlled A/B/C below execute fresh on one run-local combined database and use the identical G4 graph-scoped train-only candidate universe.",
    "semantic_global_exact": {
      "candidate_count": 90941,
      "evaluation_occurs_after_result_freeze": true,
      "ground_truth_available_to_executor": false,
      "labels_available_to_executor": false,
      "latency_mean_ms": 20.94681353065539,
      "latency_p50_ms": 18.7265,
      "latency_p95_ms": 34.35771,
      "latency_p99_ms": 43.201442,
      "mrr": 0.5782488439742249,
      "ndcg_at_10": 0.4081402894744262,
      "precision_at_10": 0.3970301016812806,
      "queries_per_second": 285.57627655281374,
      "query_count": 29799,
      "results_freeze_manifest_sha256": "CA03053CB1711FFEE07798ABEB8EC5F4A4D720E1D0F05DB91369FC28C5E97824",
      "schema": "ultraballoondb.r4_9e9.validation_metrics.v1",
      "test_set_executed": false,
      "top1_accuracy": 0.4555186415651532,
      "top_k": 10,
      "total_compute_elapsed_seconds": 104.3469029,
      "total_relevant_hits_at_10": 118311
    },
    "structural_global_exact": {
      "candidate_count": 90941,
      "delta_vs_semantic": {
        "latency_p50_ms": -8.824300000000001,
        "latency_p95_ms": -12.046340000000015,
        "latency_p99_ms": -12.646673999999965,
        "mrr": -0.28467396903168873,
        "ndcg_at_10": -0.23185954046848567,
        "precision_at_10": -0.22275244135711014,
        "queries_per_second": 226.56527559803772,
        "top1_accuracy": -0.2688680828215712
      },
      "dimension": 48,
      "evaluation_occurs_after_result_freeze": true,
      "ground_truth_available_to_executor": false,
      "labels_available_to_executor": false,
      "latency_mean_ms": 11.675854592435988,
      "latency_p50_ms": 9.9022,
      "latency_p95_ms": 22.311369999999982,
      "latency_p99_ms": 30.554768000000035,
      "mrr": 0.2935748749425362,
      "native_config_digest_sha256": "AF7B9C2A5F7B50B61C5DBEDA765BB2AE37E9043C2A5103225004AE5811410212",
      "native_space_id": "3F54D50ED7556AB2FEFE27F31941ADBC69E18A3565C722BF152F7212DF633927",
      "ndcg_at_10": 0.17628074900594054,
      "paired_comparison_contract": {
        "same_candidate_set": true,
        "same_evaluation_labels": true,
        "same_query_set": true,
        "same_top_k": true,
        "same_train_candidate_split": true,
        "same_validation_split": true,
        "test_set_executed": false,
        "trust_in_numeric_score": false
      },
      "precision_at_10": 0.17427766032417047,
      "queries_per_second": 512.1415521508515,
      "query_count": 29799,
      "ratio_vs_semantic": {
        "latency_p50": 0.528780071022348,
        "latency_p95": 0.6493846650431587,
        "latency_p99": 0.7072626881297165,
        "queries_per_second": 1.7933616837256343
      },
      "representation": "ULTRABALLOON_NATIVE_STRUCTURAL_V1",
      "results_freeze_manifest_sha256": "BBAFA7F2B7443F8B15FC9257AD52FCFF6E78B71DC6CE566005747A25B2838AFB",
      "schema": "ultraballoondb.r4_9e14.validation_native_structural_metrics.v1",
      "semantic_reference": {
        "latency_p50_ms": 18.7265,
        "latency_p95_ms": 34.35771,
        "latency_p99_ms": 43.201442,
        "mrr": 0.5782488439742249,
        "ndcg_at_10": 0.4081402894744262,
        "precision_at_10": 0.3970301016812806,
        "queries_per_second": 285.57627655281374,
        "top1_accuracy": 0.4555186415651532
      },
      "semantic_reference_metrics_sha256": "CBB457AD96D162281086B2769B4E5456D96F4B534C19EC32DB6EB5B63762D189",
      "test_set_executed": false,
      "top1_accuracy": 0.186650558743582,
      "top_k": 10,
      "total_compute_elapsed_seconds": 58.1850855,
      "total_relevant_hits_at_10": 51933
    }
  },
  "hybrid_improves_semantic_mrr": true,
  "hybrid_improves_semantic_ndcg": true,
  "labels_available_to_executor": false,
  "protocol_sha256": "DE5DC5D174E9B5804F58FC677E05C17652D8E81D021C5A14B581F0089D35E057",
  "quality_winner_by_ndcg_then_mrr": "C_hybrid",
  "query_execution_performed_during_recovery": false,
  "query_labels_sha256": "14C7D9E5C6AD78531602E7712602833F179EED934E781B9D3B6EA054E9B08A75",
  "results_sha256": "7B2DC6903F857171C690B071235C6723BACEC27B88C68502ABAA77C1F071D459",
  "schema": "ultraballoondb.ogbn_abc_comparison_report.recovery_r09",
  "test_set_executed": false,
  "train_labels_sha256": "27CC93C5AF3870BD3429FF71B64C536BB030C0FD5E591339A5A1C7D3EFF00DDB",
  "trust_in_numeric_score": false
}
